acelX,acelY,acelZ,output
-0.96, 0.05, 9.39, IDLE
-1.05, 0.13, 9.79, IDLE
-1.03, 0.14, 9.81, IDLE
-1.11, 0.16, 9.90, IDLE
-1.01, 0.41, 9.80, IDLE
-1.02, 0.37, 9.81, IDLE
-0.98, 0.31, 9.79, IDLE
-1.17, 0.56, 9.82, IDLE
-1.06, 0.50, 9.79, IDLE
-1.24, 0.71, 9.74, IDLE
-0.97, 0.30, 9.86, IDLE
-0.43, 0.58, 9.74, IDLE
-0.33, -0.10, 9.83, IDLE
-0.40, 0.29, 9.88, IDLE
-0.59, -0.27, 9.85, IDLE
-0.55, -0.29, 9.83, IDLE
-0.49, -0.34, 9.80, IDLE
-0.43, -0.69, 9.74, IDLE
-0.52, -0.63, 9.84, IDLE
-0.56, -0.43, 9.87, IDLE
-0.51, -0.26, 9.86, IDLE
-0.38, -0.08, 9.80, IDLE
0.01, 0.01, 9.83, IDLE
0.00, -1.55, 9.60, IDLE
0.96, 0.17, 9.69, IDLE
1.04, 0.44, 10.00, IDLE
0.88, 0.11, 10.14, IDLE
0.74, -0.17, 9.86, IDLE
0.42, -0.11, 9.81, IDLE
0.89, -0.07, 10.03, IDLE
1.80, -0.25, 9.61, IDLE
1.54, -0.08, 9.83, IDLE
1.31, -0.13, 9.68, IDLE
0.95, 0.19, 10.14, IDLE
1.09, -0.11, 9.85, IDLE
1.32, 0.12, 9.73, IDLE
1.29, -0.09, 9.72, IDLE
1.18, 0.11, 9.83, IDLE
1.09, 0.10, 9.87, IDLE
1.15, 0.22, 9.87, IDLE
1.18, 0.16, 9.88, IDLE
1.28, 0.20, 9.86, IDLE
1.12, 0.05, 9.91, IDLE
1.11, -0.07, 9.87, IDLE
0.99, -0.24, 9.84, IDLE
1.09, -0.30, 9.80, IDLE
1.27, -0.33, 9.65, IDLE
0.84, -0.45, 9.90, IDLE
0.86, -0.17, 9.93, IDLE
0.78, -0.20, 9.78, IDLE
0.61, -0.38, 10.01, IDLE
0.63, -0.33, 10.04, IDLE
0.63, -0.44, 9.80, IDLE
0.65, -0.18, 9.99, IDLE
0.69, -0.16, 9.88, IDLE
0.63, -0.17, 9.72, IDLE
0.61, -0.38, 9.64, IDLE
0.63, -0.20, 9.91, IDLE
0.80, -0.35, 9.70, IDLE
0.81, -0.30, 9.87, IDLE
0.81, -0.43, 9.86, IDLE
0.84, -0.42, 9.82, IDLE
0.91, -0.45, 9.78, IDLE
0.77, -0.51, 10.02, IDLE
0.81, -0.65, 9.74, IDLE
0.95, -0.32, 9.89, IDLE
0.90, -0.37, 9.96, IDLE
1.00, -0.54, 9.69, IDLE
1.15, -0.52, 9.84, IDLE
1.16, -0.49, 9.84, IDLE
1.22, -0.54, 9.83, IDLE
1.27, -0.50, 9.84, IDLE
1.32, -0.45, 9.81, IDLE
1.46, -0.47, 9.86, IDLE
1.50, -0.47, 9.78, IDLE
1.58, -0.40, 9.72, IDLE
1.54, -0.59, 9.65, IDLE
1.53, -0.62, 9.78, IDLE
1.62, -0.61, 9.76, IDLE
1.68, -0.64, 9.66, IDLE
1.63, -0.61, 9.84, IDLE
1.67, -0.57, 9.79, IDLE
1.73, -0.62, 9.79, IDLE
1.82, -0.50, 9.79, IDLE
1.78, -0.62, 9.80, IDLE
1.89, -0.52, 9.74, IDLE
1.67, -0.57, 9.79, IDLE
1.73, -0.62, 9.79, IDLE
1.82, -0.50, 9.79, IDLE
1.78, -0.62, 9.80, IDLE
1.89, -0.52, 9.74, IDLE
1.94, -0.50, 9.67, IDLE
1.97, -0.50, 9.66, IDLE
1.96, -0.61, 9.80, IDLE
1.94, -0.58, 9.81, IDLE
1.93, -0.57, 9.57, IDLE
1.95, -0.65, 9.72, IDLE
1.98, -0.56, 9.63, IDLE
1.98, -0.64, 9.68, IDLE
1.94, -0.58, 9.70, IDLE
1.76, -0.71, 9.50, IDLE
1.72, -0.66, 9.94, IDLE
1.64, -0.59, 9.68, IDLE
1.51, -0.64, 9.88, IDLE
1.53, -0.52, 9.86, IDLE
1.26, -0.79, 9.83, IDLE
1.26, -0.70, 9.80, IDLE
1.21, -0.66, 9.74, IDLE
1.17, -0.71, 9.84, IDLE
1.11, -0.77, 9.77, IDLE
1.17, -0.67, 9.84, IDLE
1.17, -0.71, 9.76, IDLE
1.33, -0.57, 9.80, IDLE
1.55, -0.53, 9.89, IDLE
1.57, -0.48, 9.87, IDLE
1.47, -0.38, 9.83, IDLE
1.51, -0.39, 9.86, IDLE
1.34, -0.45, 9.81, IDLE
1.13, -0.47, 9.75, IDLE
1.06, -0.54, 9.86, IDLE
0.98, -0.44, 9.84, IDLE
0.87, -0.66, 9.86, IDLE
0.95, -0.44, 9.84, IDLE
0.87, -0.52, 9.85, IDLE
0.97, -0.52, 9.70, IDLE
1.01, -0.47, 9.91, IDLE
0.85, -0.72, 9.85, IDLE
0.76, -0.58, 9.90, IDLE
0.79, -0.49, 9.75, IDLE
0.78, -0.61, 9.80, IDLE
0.63, -0.48, 9.98, IDLE
0.68, -0.48, 9.73, IDLE
0.97, -0.52, 9.70, IDLE
1.01, -0.47, 9.91, IDLE
0.85, -0.72, 9.85, IDLE
0.76, -0.58, 9.90, IDLE
0.79, -0.49, 9.75, IDLE
0.78, -0.61, 9.80, IDLE
0.63, -0.48, 9.98, IDLE
0.68, -0.48, 9.73, IDLE
0.45, -0.46, 9.94, IDLE
0.41, -0.39, 9.73, IDLE
0.12, -0.31, 9.92, IDLE
0.44, -0.22, 9.89, IDLE
0.53, -0.23, 9.86, IDLE
0.97, -0.01, 9.81, IDLE
0.77, -0.21, 9.96, IDLE
0.91, -0.16, 9.82, IDLE
1.10, -0.05, 9.88, IDLE
1.22, -0.08, 9.77, IDLE
1.20, -0.07, 9.83, IDLE
1.24, -0.14, 9.79, IDLE
1.31, -0.03, 9.84, IDLE
1.33, -0.05, 9.79, IDLE
1.39, 0.06, 9.88, IDLE
1.50, 0.03, 9.73, IDLE
1.56, 0.06, 9.73, IDLE
1.52, 0.02, 9.79, IDLE
1.57, 0.08, 9.79, IDLE
1.59, 0.13, 9.78, IDLE
1.53, 0.09, 9.73, IDLE
1.47, 0.11, 9.79, IDLE
1.38, 0.09, 9.84, IDLE
1.48, 0.08, 9.75, IDLE
1.40, 0.03, 9.81, IDLE
1.13, -0.04, 9.84, IDLE
1.18, -0.11, 9.87, IDLE
1.23, -0.17, 9.80, IDLE
1.10, -0.30, 9.76, IDLE
1.22, -0.11, 9.84, IDLE
1.28, -0.11, 9.81, IDLE
1.25, -0.26, 9.75, IDLE
1.39, -0.04, 9.83, IDLE
1.34, -0.13, 9.81, IDLE
1.41, 0.16, 10.06, IDLE
1.25, -0.02, 9.91, IDLE
1.41, -0.05, 9.59, IDLE
1.11, -0.34, 9.71, IDLE
1.19, -0.32, 9.73, IDLE
1.13, -0.04, 9.84, IDLE
1.18, -0.11, 9.87, IDLE
1.23, -0.17, 9.80, IDLE
1.10, -0.30, 9.76, IDLE
1.22, -0.11, 9.84, IDLE
1.28, -0.11, 9.81, IDLE
1.25, -0.26, 9.75, IDLE
1.39, -0.04, 9.83, IDLE
1.34, -0.13, 9.81, IDLE
1.41, 0.16, 10.06, IDLE
1.25, -0.02, 9.91, IDLE
1.41, -0.05, 9.59, IDLE
1.11, -0.34, 9.71, IDLE
1.19, -0.32, 9.73, IDLE
1.23, -0.11, 9.82, IDLE
1.41, -0.19, 9.79, IDLE
1.34, -0.31, 9.94, IDLE
1.30, -0.28, 9.91, IDLE
1.21, -0.25, 9.81, IDLE
1.10, -0.21, 9.91, IDLE
1.17, -0.22, 9.82, IDLE
1.26, -0.17, 9.80, IDLE
1.18, -0.24, 9.74, IDLE
0.94, -0.31, 9.87, IDLE
1.07, -0.36, 9.83, IDLE
1.14, -0.36, 9.75, IDLE
1.10, -0.31, 9.78, IDLE
1.09, -0.22, 9.78, IDLE
0.98, -0.13, 9.81, IDLE
1.03, -0.11, 9.80, IDLE
1.21, -0.18, 9.76, IDLE
1.24, -0.22, 9.83, IDLE
1.31, -0.28, 9.77, IDLE
1.21, -0.39, 9.82, IDLE
1.08, -0.39, 9.77, IDLE
1.16, -0.39, 9.86, IDLE
1.21, -0.47, 9.74, IDLE
1.21, -0.51, 9.83, IDLE
1.29, -0.47, 9.84, IDLE
1.39, -0.48, 9.69, IDLE
1.47, -0.55, 9.75, IDLE
1.51, -0.66, 9.72, IDLE
1.30, -0.88, 9.81, IDLE
1.36, -0.68, 9.65, IDLE
1.32, -0.62, 9.73, IDLE
1.74, -0.64, 9.65, IDLE
1.65, -0.70, 9.68, IDLE
1.67, -0.71, 9.84, IDLE
2.15, -0.68, 9.60, IDLE
2.05, -0.62, 9.71, IDLE
1.98, -0.58, 9.72, IDLE
1.93, -0.63, 9.76, IDLE
1.88, -0.63, 9.72, IDLE
1.86, -0.66, 9.70, IDLE
1.85, -0.64, 9.70, IDLE
1.85, -0.65, 9.62, IDLE
1.85, -0.68, 9.69, IDLE
1.81, -0.69, 9.69, IDLE
1.79, -0.73, 9.70, IDLE
1.76, -0.77, 9.76, IDLE
1.76, -0.76, 9.65, IDLE
1.68, -0.82, 9.71, IDLE
1.61, -0.83, 9.70, IDLE
1.54, -0.66, 9.73, IDLE
1.62, -0.42, 9.69, IDLE
1.53, -0.40, 9.70, IDLE
1.43, -0.47, 9.73, IDLE
1.45, -0.43, 9.77, IDLE
1.42, -0.42, 9.76, IDLE
1.42, -0.48, 9.77, IDLE
1.36, -0.52, 9.82, IDLE
1.46, -0.53, 9.78, IDLE
1.59, -0.57, 9.67, IDLE
1.57, -0.60, 9.70, IDLE
1.58, -0.51, 9.83, IDLE
1.66, -0.46, 9.71, IDLE
1.67, -0.52, 9.61, IDLE
1.57, -0.57, 9.70, IDLE
1.60, -0.44, 9.77, IDLE
1.64, -0.45, 9.75, IDLE
1.66, -0.49, 9.70, IDLE
1.52, -0.55, 9.74, IDLE
1.56, -0.39, 9.79, IDLE
1.61, -0.33, 9.76, IDLE
1.60, -0.39, 9.75, IDLE
1.53, -0.46, 9.72, IDLE
1.56, -0.32, 9.79, IDLE
1.59, -0.36, 9.72, IDLE
1.48, -0.45, 9.71, IDLE
1.47, -0.36, 9.82, IDLE
1.53, -0.34, 9.78, IDLE
1.47, -0.46, 9.71, IDLE
1.42, -0.48, 9.75, IDLE
1.44, -0.42, 9.78, IDLE
1.50, -0.35, 9.75, IDLE
1.51, -0.32, 9.77, IDLE
1.57, -0.28, 9.71, IDLE
1.54, -0.28, 9.75, IDLE
1.50, -0.34, 9.79, IDLE
1.54, -0.32, 9.75, IDLE
1.52, -0.32, 9.74, IDLE
1.58, -0.21, 9.68, IDLE
1.50, -0.27, 9.76, IDLE
1.51, -0.22, 9.81, IDLE
1.50, -0.20, 9.83, IDLE
1.48, -0.25, 9.73, IDLE
1.45, -0.27, 9.76, IDLE
1.45, -0.31, 9.71, IDLE
1.43, -0.36, 9.73, IDLE
1.39, -0.37, 9.75, IDLE
1.35, -0.40, 9.75, IDLE
1.37, -0.34, 9.79, IDLE
1.56, -0.58, 9.62, IDLE
1.42, -0.71, 9.45, IDLE
1.55, -0.52, 9.71, IDLE
1.52, -0.37, 9.97, IDLE
1.47, -0.72, 9.63, IDLE
1.50, -0.48, 9.70, IDLE
1.52, -0.47, 9.70, IDLE
1.50, -0.59, 9.77, IDLE
1.36, -0.62, 9.75, IDLE
1.31, -0.55, 9.76, IDLE
1.22, -0.65, 9.75, IDLE
1.19, -0.63, 9.71, IDLE
1.16, -0.61, 9.80, IDLE
1.16, -0.63, 9.78, IDLE
1.13, -0.62, 9.79, IDLE
1.12, -0.64, 9.76, IDLE
1.13, -0.61, 9.79, IDLE
1.08, -0.68, 9.72, IDLE
1.12, -0.65, 9.79, IDLE
1.14, -0.64, 9.77, IDLE
1.11, -0.66, 9.73, IDLE
1.08, -0.68, 9.76, IDLE
1.10, -0.66, 9.75, IDLE
1.11, -0.62, 9.77, IDLE
1.08, -0.65, 9.79, IDLE
1.10, -0.63, 9.80, IDLE
1.04, -0.70, 9.70, IDLE
1.06, -0.68, 9.82, IDLE
1.05, -0.72, 9.73, IDLE
1.05, -0.73, 9.75, IDLE
1.09, -0.64, 9.78, IDLE
1.12, -0.67, 9.71, IDLE
1.10, -0.66, 9.74, IDLE
1.07, -0.70, 9.78, IDLE
1.07, -0.72, 9.72, IDLE
1.06, -0.71, 9.75, IDLE
1.06, -0.72, 9.78, IDLE
1.07, -0.72, 9.71, IDLE
1.06, -0.71, 9.70, IDLE
1.04, -0.73, 9.77, IDLE
1.10, -0.63, 9.77, IDLE
1.18, -0.58, 9.77, IDLE
1.15, -0.63, 9.80, IDLE
1.18, -0.60, 9.75, IDLE
1.20, -0.58, 9.79, IDLE
1.23, -0.63, 9.58, IDLE
1.29, -0.57, 9.60, IDLE
1.25, -0.57, 9.80, IDLE
1.14, -0.83, 9.51, IDLE
1.37, -0.43, 9.73, IDLE
1.26, -0.61, 9.65, IDLE
1.31, -0.67, 9.34, IDLE
1.52, -0.33, 9.87, IDLE
1.55, -0.49, 9.56, IDLE
-0.47, 7.67, 5.90, RIGHT
-0.53, 7.63, 5.91, RIGHT
-0.57, 7.78, 5.89, RIGHT
-0.53, 7.76, 5.89, RIGHT
-0.51, 7.73, 5.89, RIGHT
-0.47, 7.67, 5.87, RIGHT
-0.43, 7.74, 5.87, RIGHT
-0.47, 7.80, 5.83, RIGHT
-0.51, 7.75, 5.90, RIGHT
-0.50, 7.72, 5.88, RIGHT
-0.51, 7.76, 5.94, RIGHT
-0.48, 7.70, 5.92, RIGHT
-0.41, 7.67, 5.86, RIGHT
-0.42, 7.76, 5.87, RIGHT
-0.43, 7.77, 5.81, RIGHT
-0.42, 7.73, 5.87, RIGHT
-0.48, 7.70, 5.90, RIGHT
-0.30, 7.83, 5.80, RIGHT
-0.32, 7.89, 5.86, RIGHT
-0.27, 7.85, 5.65, RIGHT
0.28, 8.32, 4.93, RIGHT
0.23, 8.29, 4.89, RIGHT
0.18, 8.75, 4.94, RIGHT
0.38, 8.28, 4.82, RIGHT
0.44, 8.42, 4.81, RIGHT
0.39, 8.53, 4.84, RIGHT
0.46, 8.51, 4.79, RIGHT
0.59, 8.46, 4.63, RIGHT
0.65, 8.60, 4.48, RIGHT
0.80, 8.81, 3.97, RIGHT
0.97, 9.03, 3.37, RIGHT
0.96, 9.22, 2.48, RIGHT
1.37, 9.73, 1.25, RIGHT
1.37, 9.72, 0.73, RIGHT
1.51, 9.74, 0.42, RIGHT
1.51, 9.64, 0.32, RIGHT
1.63, 9.62, 0.16, RIGHT
1.63, 9.90, 0.20, RIGHT
1.71, 9.40, 0.45, RIGHT
1.80, 9.85, 0.40, RIGHT
1.90, 9.59, 0.35, RIGHT
2.07, 9.46, 0.26, RIGHT
2.09, 9.63, 0.18, RIGHT
2.19, 9.56, 0.09, RIGHT
2.30, 9.63, -0.08, RIGHT
2.24, 9.57, -0.12, RIGHT
2.20, 9.58, -0.14, RIGHT
2.26, 9.64, -0.12, RIGHT
2.29, 9.54, -0.10, RIGHT
2.32, 9.54, -0.14, RIGHT
2.28, 9.51, -0.23, RIGHT
2.22, 9.53, -0.24, RIGHT
2.53, 9.49, -0.64, RIGHT
2.61, 9.48, -0.69, RIGHT
2.65, 9.45, -0.79, RIGHT
2.62, 9.44, -0.76, RIGHT
2.63, 9.40, -0.77, RIGHT
2.64, 9.48, -0.81, RIGHT
2.67, 9.50, -0.88, RIGHT
2.61, 9.54, -0.78, RIGHT
2.61, 9.47, -0.85, RIGHT
2.56, 9.43, -0.85, RIGHT
2.65, 9.49, -0.93, RIGHT
2.68, 9.50, -0.91, RIGHT
2.64, 9.40, -0.88, RIGHT
2.57, 9.54, -0.84, RIGHT
2.64, 9.40, -0.85, RIGHT
2.72, 9.44, -0.92, RIGHT
2.89, 9.54, -1.33, RIGHT
3.17, 9.24, -1.98, RIGHT
3.14, 9.16, -2.33, RIGHT
3.56, 8.88, -3.27, RIGHT
3.76, 8.44, -3.79, RIGHT
3.62, 8.50, -3.54, RIGHT
3.52, 9.04, -2.94, RIGHT
3.42, 9.10, -2.14, RIGHT
3.25, 9.11, -1.90, RIGHT
3.32, 9.17, -1.88, RIGHT
3.30, 9.18, -1.88, RIGHT
3.26, 9.07, -1.87, RIGHT
3.28, 9.18, -1.88, RIGHT
3.30, 9.13, -1.94, RIGHT
3.20, 9.16, -1.82, RIGHT
2.54, 9.11, -0.72, RIGHT
1.97, 9.54, 0.87, RIGHT
1.87, 9.53, 1.24, RIGHT
1.67, 9.41, 1.55, RIGHT
1.49, 9.52, 1.85, RIGHT
1.47, 9.58, 1.82, RIGHT
1.53, 9.42, 1.86, RIGHT
1.44, 9.53, 2.03, RIGHT
1.42, 9.39, 2.10, RIGHT
1.50, 9.49, 2.11, RIGHT
1.40, 9.46, 2.22, RIGHT
1.42, 9.52, 2.09, RIGHT
1.55, 9.45, 1.84, RIGHT
1.47, 9.36, 1.58, RIGHT
1.83, 9.68, 0.92, RIGHT
1.92, 9.65, 0.77, RIGHT
1.92, 9.57, 0.74, RIGHT
2.10, 9.60, 0.61, RIGHT
1.77, 9.60, 0.93, RIGHT
1.81, 9.56, 1.00, RIGHT
1.64, 9.65, 1.13, RIGHT
1.51, 9.71, 1.26, RIGHT
1.57, 9.45, 1.23, RIGHT
1.47, 9.71, 1.30, RIGHT
1.48, 9.62, 1.30, RIGHT
1.53, 9.58, 1.32, RIGHT
1.45, 9.57, 1.54, RIGHT
1.13, 9.43, 2.33, RIGHT
0.83, 9.19, 3.01, RIGHT
0.84, 8.96, 3.48, RIGHT
0.72, 9.00, 3.95, RIGHT
0.80, 8.84, 4.07, RIGHT
0.91, 8.77, 4.19, RIGHT
0.95, 8.67, 4.25, RIGHT
0.84, 8.72, 4.39, RIGHT
0.87, 8.72, 4.45, RIGHT
0.81, 8.66, 4.45, RIGHT
0.93, 8.54, 4.47, RIGHT
0.84, 8.72, 4.39, RIGHT
0.87, 8.72, 4.45, RIGHT
0.81, 8.66, 4.45, RIGHT
0.93, 8.54, 4.47, RIGHT
0.91, 8.53, 4.45, RIGHT
0.84, 8.47, 4.51, RIGHT
0.83, 8.68, 4.51, RIGHT
0.85, 8.76, 4.47, RIGHT
0.78, 8.69, 4.50, RIGHT
0.91, 8.69, 4.44, RIGHT
0.91, 8.76, 4.38, RIGHT
0.98, 8.63, 4.28, RIGHT
0.90, 8.63, 4.37, RIGHT
1.07, 8.59, 4.09, RIGHT
1.16, 8.83, 4.02, RIGHT
1.13, 8.92, 3.91, RIGHT
1.32, 8.94, 3.59, RIGHT
1.28, 8.98, 3.42, RIGHT
1.35, 9.29, 2.85, RIGHT
1.60, 9.37, 2.30, RIGHT
1.53, 9.66, 1.78, RIGHT
1.53, 9.73, 1.37, RIGHT
1.21, 9.01, 2.76, RIGHT
0.88, 8.59, 4.37, RIGHT
0.37, 8.33, 4.96, RIGHT
0.25, 7.97, 5.28, RIGHT
0.26, 8.10, 5.38, RIGHT
0.14, 8.00, 5.24, RIGHT
0.09, 8.54, 4.55, RIGHT
0.05, 8.50, 4.30, RIGHT
0.18, 8.94, 4.12, RIGHT
0.18, 8.65, 4.28, RIGHT
0.17, 8.73, 4.47, RIGHT
0.05, 8.32, 4.50, RIGHT
0.27, 8.91, 3.85, RIGHT
0.61, 9.11, 3.07, RIGHT
1.10, 9.51, 2.21, RIGHT
1.10, 9.30, 1.81, RIGHT
1.29, 9.63, 1.20, RIGHT
1.48, 9.64, 0.72, RIGHT
1.52, 9.61, 0.30, RIGHT
1.60, 9.76, -0.00, RIGHT
1.53, 9.77, -0.10, RIGHT
1.49, 9.70, -0.08, RIGHT
1.53, 9.61, -0.05, RIGHT
1.55, 9.69, -0.04, RIGHT
1.57, 9.62, -0.05, RIGHT
1.54, 9.62, -0.03, RIGHT
1.54, 9.75, -0.02, RIGHT
1.58, 9.63, 0.00, RIGHT
1.68, 9.45, 0.36, RIGHT
2.43, 9.32, 1.07, RIGHT
2.27, 9.28, 2.16, RIGHT
1.45, 9.23, 3.43, RIGHT
1.38, 8.93, 3.77, RIGHT
1.42, 8.83, 3.82, RIGHT
1.25, 8.84, 3.91, RIGHT
1.07, 8.87, 3.87, RIGHT
1.03, 8.93, 3.85, RIGHT
0.60, 8.92, 3.74, RIGHT
0.43, 8.92, 3.71, RIGHT
0.45, 8.90, 3.62, RIGHT
0.38, 8.95, 3.66, RIGHT
0.45, 8.90, 3.63, RIGHT
0.44, 8.75, 3.77, RIGHT
0.35, 9.11, 3.47, RIGHT
0.28, 9.16, 3.22, RIGHT
0.28, 9.44, 2.75, RIGHT
0.28, 9.45, 2.25, RIGHT
0.37, 9.60, 2.00, RIGHT
0.62, 9.54, 1.61, RIGHT
0.55, 9.58, 1.44, RIGHT
0.78, 9.65, 0.93, RIGHT
0.94, 9.69, 0.71, RIGHT
1.01, 9.73, 0.62, RIGHT
1.01, 9.79, 0.56, RIGHT
1.05, 9.60, 0.50, RIGHT
1.09, 9.61, 0.46, RIGHT
1.01, 9.74, 0.48, RIGHT
1.07, 9.68, 0.47, RIGHT
1.12, 9.53, 0.41, RIGHT
0.92, 9.74, 0.45, RIGHT
0.91, 9.87, 0.45, RIGHT
0.92, 9.76, 0.42, RIGHT
0.98, 9.76, 0.33, RIGHT
1.09, 9.77, 0.28, RIGHT
0.75, 9.70, 0.85, RIGHT
0.81, 9.71, 1.31, RIGHT
0.76, 9.54, 1.75, RIGHT
0.63, 9.49, 2.05, RIGHT
0.45, 9.34, 2.31, RIGHT
0.62, 9.41, 2.31, RIGHT
1.68, 9.53, 2.60, RIGHT
1.11, 9.03, 3.02, RIGHT
1.60, 9.07, 3.37, RIGHT
1.54, 8.94, 3.47, RIGHT
1.28, 8.88, 3.62, RIGHT
1.37, 8.89, 3.72, RIGHT
1.22, 8.94, 3.69, RIGHT
0.66, 8.97, 3.78, RIGHT
0.81, 9.02, 3.84, RIGHT
0.50, 9.00, 3.61, RIGHT
0.62, 9.14, 3.59, RIGHT
0.70, 9.05, 3.50, RIGHT
0.68, 9.14, 3.52, RIGHT
0.50, 9.05, 3.48, RIGHT
0.54, 9.06, 3.45, RIGHT
0.40, 9.17, 3.48, RIGHT
0.38, 9.19, 3.40, RIGHT
0.34, 9.09, 3.28, RIGHT
0.54, 9.04, 3.16, RIGHT
0.40, 9.26, 3.22, RIGHT
0.70, 9.25, 3.17, RIGHT
1.04, 9.09, 3.06, RIGHT
0.70, 9.24, 2.90, RIGHT
1.08, 9.34, 2.56, RIGHT
1.03, 9.48, 2.53, RIGHT
0.93, 9.39, 2.23, RIGHT
1.08, 9.48, 1.75, RIGHT
0.92, 9.62, 1.57, RIGHT
1.02, 9.55, 1.30, RIGHT
1.21, 9.55, 1.01, RIGHT
1.31, 9.61, 0.75, RIGHT
1.36, 9.69, 0.53, RIGHT
1.50, 9.76, 0.26, RIGHT
1.42, 9.67, 0.24, RIGHT
1.32, 9.79, 0.24, RIGHT
1.32, 9.72, 0.16, RIGHT
1.32, 9.69, 0.08, RIGHT
1.21, 9.63, 0.31, RIGHT
1.32, 9.64, 0.46, RIGHT
1.67, 9.63, 0.67, RIGHT
1.72, 9.68, 1.39, RIGHT
1.37, 9.46, 1.87, RIGHT
1.45, 9.53, 2.06, RIGHT
1.23, 9.33, 2.23, RIGHT
1.27, 9.38, 2.31, RIGHT
1.22, 9.56, 2.28, RIGHT
1.32, 9.49, 2.18, RIGHT
1.37, 9.46, 2.12, RIGHT
1.36, 9.48, 2.06, RIGHT
1.35, 9.46, 2.10, RIGHT
1.43, 9.45, 2.02, RIGHT
1.40, 9.50, 2.00, RIGHT
1.37, 9.44, 1.96, RIGHT
1.43, 9.55, 1.95, RIGHT
1.47, 9.39, 1.91, RIGHT
1.44, 9.38, 1.97, RIGHT
1.49, 9.52, 1.89, RIGHT
1.54, 9.64, 1.71, RIGHT
1.48, 9.52, 1.63, RIGHT
1.43, 9.46, 1.35, RIGHT
1.40, 9.58, 1.27, RIGHT
1.56, 9.57, 1.01, RIGHT
1.57, 9.56, 0.91, RIGHT
1.48, 9.75, 0.84, RIGHT
1.38, 9.66, 0.63, RIGHT
1.11, 9.59, 0.31, RIGHT
1.06, 9.70, 0.11, RIGHT
1.10, 9.72, 0.00, RIGHT
1.07, 9.76, -0.08, RIGHT
0.91, 9.68, 0.31, RIGHT
1.08, 9.56, 0.89, RIGHT
1.10, 9.59, 1.56, RIGHT
1.02, 9.56, 1.94, RIGHT
0.93, 9.39, 2.18, RIGHT
1.00, 9.35, 2.32, RIGHT
0.86, 9.36, 2.49, RIGHT
0.78, 9.27, 2.46, RIGHT
0.70, 9.47, 2.49, RIGHT
0.68, 9.55, 2.43, RIGHT
0.70, 9.43, 2.43, RIGHT
0.70, 9.34, 2.41, RIGHT
0.62, 9.37, 2.34, RIGHT
0.61, 9.37, 2.33, RIGHT
0.58, 9.31, 2.37, RIGHT
0.62, 9.40, 2.33, RIGHT
0.71, 9.44, 2.32, RIGHT
0.74, 9.35, 2.29, RIGHT
0.62, 9.42, 2.35, RIGHT
0.64, 9.50, 2.34, RIGHT
0.65, 9.45, 2.38, RIGHT
0.73, 9.47, 2.63, RIGHT
0.78, 9.21, 2.74, RIGHT
0.81, 9.31, 2.85, RIGHT
0.83, 9.34, 2.85, RIGHT
0.99, 9.33, 2.90, RIGHT
1.01, 9.14, 2.85, RIGHT
1.20, 9.26, 2.90, RIGHT
1.04, 9.30, 2.92, RIGHT
1.14, 9.31, 3.00, RIGHT
1.19, 9.25, 3.04, RIGHT
1.08, 9.22, 3.17, RIGHT
0.93, 9.06, 3.13, RIGHT
0.74, 9.05, 3.22, RIGHT
0.67, 9.21, 3.21, RIGHT
0.71, 9.25, 3.18, RIGHT
0.77, 9.21, 3.20, RIGHT
0.73, 9.30, 3.21, RIGHT
0.82, 9.20, 3.15, RIGHT
0.76, 9.28, 3.16, RIGHT
0.72, 9.29, 3.20, RIGHT
0.81, 9.18, 3.21, RIGHT
0.79, 8.96, 3.30, RIGHT
0.85, 9.29, 3.42, RIGHT
0.91, 9.03, 3.33, RIGHT
0.79, 9.12, 3.26, RIGHT
0.84, 8.99, 3.18, RIGHT
0.85, 9.23, 3.15, RIGHT
1.07, 9.05, 3.02, RIGHT
1.15, 9.21, 3.05, RIGHT
1.16, 9.12, 3.00, RIGHT
1.17, 9.21, 3.03, RIGHT
1.26, 9.20, 2.99, RIGHT
1.26, 9.22, 2.98, RIGHT
1.34, 9.21, 2.96, RIGHT
1.31, 9.33, 3.02, RIGHT
1.24, 9.14, 3.06, RIGHT
1.27, 9.23, 3.01, RIGHT
1.23, 9.20, 3.05, RIGHT
1.19, 9.05, 3.00, RIGHT
1.21, 9.11, 2.98, RIGHT
1.23, 9.25, 2.98, RIGHT
1.04, 9.33, 3.06, RIGHT
1.12, 9.29, 2.90, RIGHT
1.14, 9.25, 2.79, RIGHT
0.96, 9.33, 2.63, RIGHT
0.82, 9.37, 2.47, RIGHT
0.77, 9.30, 2.42, RIGHT
0.69, 9.47, 2.43, RIGHT
0.67, 9.54, 2.30, RIGHT
0.82, 9.32, 2.18, RIGHT
1.01, 9.67, 1.97, RIGHT
0.97, 9.42, 2.07, RIGHT
1.36, 9.42, 1.92, RIGHT
1.24, 9.19, 2.30, RIGHT
1.70, 9.27, 1.95, RIGHT
1.45, 9.46, 2.16, RIGHT
-7.08, -0.29, 6.09, TOP
-7.47, -0.25, 5.78, TOP
-7.53, -0.25, 5.78, TOP
-7.48, -0.21, 5.82, TOP
-7.51, -0.24, 5.77, TOP
-6.84, -0.83, 6.52, TOP
-6.77, -1.66, 6.44, TOP
-6.76, -1.80, 6.10, TOP
-7.72, -0.85, 5.38, TOP
-7.92, -0.42, 5.12, TOP
-8.38, -0.02, 4.60, TOP
-8.32, -0.00, 4.29, TOP
-8.43, -0.02, 4.02, TOP
-8.54, 0.01, 3.97, TOP
-8.51, -0.05, 3.91, TOP
-8.48, -0.12, 3.80, TOP
-8.59, -0.09, 3.74, TOP
-8.86, -0.14, 3.48, TOP
-8.66, -0.13, 3.39, TOP
-8.80, -0.27, 3.15, TOP
-8.97, -0.28, 3.24, TOP
-8.69, -0.43, 3.94, TOP
-8.46, -0.50, 4.74, TOP
-7.02, -0.29, 5.99, TOP
-6.82, -0.15, 6.54, TOP
-6.69, -0.13, 6.79, TOP
-6.61, -0.29, 7.07, TOP
-6.09, -0.87, 7.10, TOP
-5.90, -1.26, 7.30, TOP
-5.48, -1.58, 7.71, TOP
-5.34, -2.09, 7.34, TOP
-5.80, -2.18, 7.09, TOP
-6.55, -2.10, 6.75, TOP
-6.69, -1.89, 6.38, TOP
-6.93, -2.01, 6.13, TOP
-6.68, -1.69, 6.30, TOP
-6.85, -1.81, 6.27, TOP
-6.78, -1.76, 6.30, TOP
-6.92, -1.66, 6.41, TOP
-6.60, -1.52, 6.20, TOP
-7.20, -1.61, 6.04, TOP
-7.11, -1.29, 6.48, TOP
-6.87, -1.59, 6.15, TOP
-7.13, -1.48, 6.37, TOP
-6.90, -1.60, 6.23, TOP
-7.16, -1.48, 5.93, TOP
-7.30, -1.38, 5.71, TOP
-7.40, -1.33, 5.68, TOP
-7.49, -1.32, 5.76, TOP
-7.35, -1.30, 5.80, TOP
-7.39, -1.32, 5.75, TOP
-7.46, -1.32, 5.77, TOP
-7.35, -1.27, 5.76, TOP
-7.47, -1.17, 5.90, TOP
-7.39, -1.27, 5.87, TOP
-7.37, -1.22, 5.84, TOP
-7.42, -1.19, 5.90, TOP
-7.25, -1.16, 5.89, TOP
-7.34, -1.21, 5.88, TOP
-7.28, -1.15, 5.80, TOP
-7.50, -1.07, 5.73, TOP
-7.44, -1.03, 5.58, TOP
-8.07, -1.15, 5.25, TOP
-7.76, -1.09, 5.24, TOP
-7.74, -1.07, 5.26, TOP
-7.51, -0.97, 5.37, TOP
-8.15, -0.99, 5.07, TOP
-7.99, -0.97, 4.96, TOP
-7.87, -0.97, 4.96, TOP
-8.16, -1.00, 4.85, TOP
-8.12, -0.92, 4.65, TOP
-8.18, -0.66, 4.49, TOP
-8.18, -0.70, 4.30, TOP
-8.35, -0.66, 4.38, TOP
-8.36, -0.62, 4.41, TOP
-8.12, -0.60, 4.39, TOP
-8.15, -0.67, 4.23, TOP
-8.40, -0.67, 4.29, TOP
-8.48, -0.50, 4.47, TOP
-8.40, -0.07, 4.13, TOP
-8.54, 0.30, 3.52, TOP
-8.71, 0.03, 2.82, TOP
-9.07, -0.34, 1.80, TOP
-9.36, -0.27, 1.36, TOP
-9.45, -0.36, 1.11, TOP
-9.45, -0.21, 1.22, TOP
-9.33, -0.41, 0.76, TOP
-9.31, 0.08, 0.14, TOP
-9.39, -0.12, -0.54, TOP
-9.49, -0.78, -1.34, TOP
-9.06, -0.77, -1.23, TOP
-9.09, -0.84, -1.37, TOP
-9.33, -0.85, -1.28, TOP
-9.31, -1.18, -1.26, TOP
-9.29, -1.17, -0.67, TOP
-9.23, -1.05, -0.39, TOP
-9.07, -1.03, -0.45, TOP
-9.18, -1.22, -0.62, TOP
-9.18, -1.19, -0.63, TOP
-9.40, -1.23, -0.55, TOP
-9.39, -1.17, -0.36, TOP
-9.14, -1.16, -0.19, TOP
-9.37, -1.13, 0.20, TOP
-9.18, -1.10, 1.08, TOP
-9.51, -0.96, 2.51, TOP
-8.08, -0.78, 5.49, TOP
-5.66, -0.50, 7.46, TOP
-4.27, -0.23, 8.51, TOP
-4.27, -0.40, 8.63, TOP
-4.32, -1.20, 8.52, TOP
-4.32, -1.22, 8.50, TOP
-4.86, -1.41, 8.38, TOP
-4.97, -1.43, 8.14, TOP
-5.26, -1.26, 7.74, TOP
-5.81, -1.13, 7.43, TOP
-6.33, -0.97, 7.31, TOP
-6.90, -0.58, 6.76, TOP
-7.01, -0.44, 6.46, TOP
-7.77, -0.11, 5.82, TOP
-7.52, 0.32, 5.10, TOP
-8.32, 0.43, 4.06, TOP
-8.59, 0.21, 3.01, TOP
-9.50, 0.23, 2.12, TOP
-9.31, 0.11, 1.66, TOP
-9.33, 0.21, 1.16, TOP
-9.12, 0.01, 0.26, TOP
-9.30, -0.10, 0.17, TOP
-9.47, -0.22, 0.22, TOP
-9.57, -0.07, 0.53, TOP
-9.21, -0.74, 0.59, TOP
-9.15, -1.11, 0.10, TOP
-9.39, -0.97, -0.22, TOP
-9.29, -0.79, -0.18, TOP
-9.49, -0.63, 0.08, TOP
-9.37, -0.65, 0.54, TOP
-9.25, -0.48, 0.58, TOP
-9.16, -0.65, 0.57, TOP
-9.38, -0.60, 0.39, TOP
-9.28, -0.58, 0.34, TOP
-9.31, -0.50, 0.32, TOP
-9.35, -0.47, 0.45, TOP
-9.39, -0.56, -0.03, TOP
-9.51, -1.07, -0.33, TOP
-9.32, -1.50, 0.61, TOP
-9.08, -1.80, 2.17, TOP
-7.53, -0.80, 5.36, TOP
-6.36, -0.44, 6.95, TOP
-5.99, -0.47, 7.31, TOP
-5.80, -0.51, 7.55, TOP
-6.00, -0.65, 7.47, TOP
-5.85, -0.95, 7.33, TOP
-5.82, -1.07, 7.43, TOP
-5.83, -1.18, 7.54, TOP
-5.60, -1.29, 7.42, TOP
-5.57, -1.19, 7.87, TOP
-5.11, -0.93, 8.21, TOP
-4.73, -0.91, 8.25, TOP
-5.02, -0.88, 8.45, TOP
-4.65, -0.81, 8.25, TOP
-4.93, -0.90, 8.19, TOP
-4.91, -0.85, 8.32, TOP
-5.18, -0.87, 8.37, TOP
-5.00, -1.07, 8.18, TOP
-5.00, -1.09, 8.09, TOP
-5.34, -2.34, 7.38, TOP
-5.65, -2.60, 7.41, TOP
-5.75, -2.63, 7.45, TOP
-5.56, -2.48, 7.24, TOP
-5.64, -2.55, 7.07, TOP
-6.30, -2.72, 6.44, TOP
-6.47, -2.75, 6.55, TOP
-6.52, -2.84, 6.42, TOP
-6.93, -2.59, 6.15, TOP
-7.60, -1.66, 5.69, TOP
-7.58, -1.20, 5.28, TOP
-7.86, -0.62, 4.94, TOP
-8.34, 0.16, 4.77, TOP
-8.36, 0.67, 4.90, TOP
-7.48, 0.90, 5.14, TOP
-7.81, 0.89, 4.85, TOP
-8.22, 0.99, 4.55, TOP
-8.24, 1.05, 4.72, TOP
-8.40, 1.10, 4.80, TOP
-7.96, 0.88, 4.57, TOP
-8.02, 0.84, 4.31, TOP
-8.46, 0.90, 4.22, TOP
-8.42, 1.04, 4.36, TOP
-8.22, 1.08, 4.25, TOP
-8.11, 0.88, 4.06, TOP
-8.50, 0.89, 4.12, TOP
-8.56, 1.00, 4.25, TOP
-8.40, 1.07, 4.39, TOP
-8.11, 1.03, 4.32, TOP
-8.15, 0.80, 4.15, TOP
-8.51, 0.79, 4.16, TOP
-8.61, 0.94, 4.34, TOP
-8.19, 1.07, 4.42, TOP
-8.12, 0.94, 4.28, TOP
-8.25, 0.87, 4.27, TOP
-8.49, 1.02, 4.50, TOP
-7.98, 1.60, 4.99, TOP
-7.73, 1.70, 5.05, TOP
-7.86, 1.61, 4.95, TOP
-7.90, 1.65, 4.93, TOP
-7.76, 1.69, 4.81, TOP
-8.07, 2.24, 4.70, TOP
-7.85, 2.59, 4.44, TOP
-7.85, 2.66, 4.45, TOP
-7.71, 2.69, 4.53, TOP
-7.73, 2.85, 4.70, TOP
-7.63, 2.79, 4.64, TOP
-7.66, 2.89, 4.59, TOP
-7.71, 2.95, 4.43, TOP
-7.75, 2.87, 4.37, TOP
-7.79, 2.95, 4.50, TOP
-7.73, 2.90, 4.59, TOP
-7.78, 2.78, 4.53, TOP
-7.72, 2.78, 4.51, TOP
-7.71, 2.74, 4.46, TOP
-8.05, 2.76, 4.46, TOP
-7.84, 2.83, 4.55, TOP
-7.77, 2.87, 4.55, TOP
-7.81, 2.80, 4.45, TOP
-7.87, 2.90, 4.54, TOP
-7.91, 2.74, 4.47, TOP
-7.95, 2.69, 4.49, TOP
-7.76, 2.85, 4.58, TOP
-7.59, 2.72, 4.43, TOP
-7.74, 2.47, 4.24, TOP
-8.09, 2.58, 4.25, TOP
-8.07, 2.59, 4.28, TOP
-7.99, 2.69, 4.33, TOP
-7.81, 2.65, 4.26, TOP
-7.89, 2.39, 4.05, TOP
-7.98, 2.53, 4.05, TOP
-8.22, 2.56, 4.15, TOP
-8.19, 2.64, 4.19, TOP
-7.97, 2.46, 4.01, TOP
-8.06, 2.40, 3.96, TOP
-8.22, 2.32, 3.85, TOP
-8.35, 2.55, 3.99, TOP
-7.96, 2.43, 3.97, TOP
-8.17, 2.15, 3.68, TOP
-8.21, 2.05, 3.60, TOP
-8.55, 2.26, 3.73, TOP
-8.34, 2.23, 3.68, TOP
-8.26, 2.32, 3.74, TOP
-8.07, 2.23, 3.69, TOP
-8.39, 2.21, 3.64, TOP
-8.41, 2.38, 3.80, TOP
-8.15, 2.44, 3.80, TOP
-8.09, 2.23, 3.65, TOP
-8.27, 2.09, 3.57, TOP
-8.52, 2.32, 3.75, TOP
-8.39, 2.48, 3.80, TOP
-8.18, 2.39, 3.70, TOP
-8.12, 2.14, 3.52, TOP
-8.41, 2.19, 3.54, TOP
-8.54, 2.35, 3.67, TOP
-8.40, 2.47, 3.83, TOP
-8.08, 2.28, 3.63, TOP
-8.26, 2.14, 3.50, TOP
-8.25, 2.21, 3.60, TOP
-8.28, 2.31, 3.88, TOP
-8.26, 2.15, 4.28, TOP
-8.10, 1.08, 4.30, TOP
-7.20, -0.54, 5.39, TOP
-7.22, -2.68, 5.35, TOP
-7.14, -3.08, 5.70, TOP
-7.23, -2.66, 5.43, TOP
-7.35, -2.34, 4.99, TOP
-7.80, -2.09, 3.94, TOP
-8.70, -1.57, 3.48, TOP
-8.26, -1.47, 3.73, TOP
-8.32, -1.63, 3.65, TOP
-7.98, -2.08, 4.14, TOP
-7.74, -2.34, 5.51, TOP
-7.49, -2.72, 5.56, TOP
-6.93, -2.72, 5.36, TOP
-7.26, -2.70, 5.67, TOP
-6.92, -2.85, 5.58, TOP
-7.18, -2.88, 5.79, TOP
-6.64, -2.97, 5.50, TOP
-6.96, -2.82, 5.80, TOP
-6.91, -2.79, 5.71, TOP
-6.97, -2.90, 5.66, TOP
-7.16, -2.89, 5.78, TOP
-7.09, -2.93, 5.58, TOP
-7.19, -2.85, 5.74, TOP
-7.13, -2.82, 5.58, TOP
-6.67, -2.96, 5.14, TOP
-7.27, -2.83, 5.53, TOP
-7.24, -2.70, 5.59, TOP
-7.26, -2.87, 5.43, TOP
-7.07, -2.91, 5.75, TOP
-6.56, -2.76, 5.69, TOP
-7.05, -3.02, 5.71, TOP
-7.12, -3.00, 5.88, TOP
-7.08, -2.83, 5.67, TOP
-6.81, -2.85, 5.53, TOP
-7.33, -2.68, 5.57, TOP
-6.93, -2.58, 5.46, TOP
-6.74, -2.62, 5.53, TOP
-6.91, -2.51, 5.94, TOP
-7.06, -2.43, 5.96, TOP
-6.20, -2.06, 6.34, TOP
-6.04, -1.67, 6.86, TOP
-6.17, -1.56, 7.01, TOP
-5.94, -1.45, 7.04, TOP
-6.25, -1.29, 7.17, TOP
-6.29, -1.17, 6.95, TOP
-6.48, -0.88, 6.73, TOP
-6.63, -0.63, 6.60, TOP
-6.83, -0.61, 6.62, TOP
-6.66, -0.59, 6.61, TOP
-6.80, -0.57, 6.70, TOP
-6.69, -0.35, 6.61, TOP
-7.14, 0.39, 6.37, TOP
-7.20, 0.59, 6.22, TOP
-7.09, 0.80, 5.97, TOP
-7.27, 1.00, 5.67, TOP
-7.46, 1.21, 5.67, TOP
-7.37, 1.46, 5.83, TOP
-7.13, 1.64, 5.91, TOP
-6.97, 1.56, 5.65, TOP
-7.41, 1.52, 5.67, TOP
-7.55, 1.65, 5.83, TOP
-7.14, 1.80, 5.94, TOP
-7.05, 1.82, 5.82, TOP
-7.08, 1.62, 5.61, TOP
-7.53, 1.57, 5.65, TOP
-7.44, 1.77, 5.82, TOP
-7.16, 1.89, 5.90, TOP
-6.92, 1.87, 5.78, TOP
-7.12, 1.67, 5.61, TOP
-7.38, 1.66, 5.63, TOP
-7.44, 1.91, 5.92, TOP
-7.08, 2.04, 6.03, TOP
-6.68, 2.10, 6.10, TOP
-6.54, 2.03, 6.20, TOP
-6.68, 2.21, 6.40, TOP
-6.81, 2.26, 6.56, TOP
-6.82, 2.22, 6.28, TOP
-7.25, 1.81, 5.31, TOP
-8.06, 1.17, 4.38, TOP
-8.57, 1.06, 3.91, TOP
-8.76, 0.96, 3.68, TOP
-8.35, 0.93, 3.60, TOP
-8.37, 0.72, 3.34, TOP
-8.50, 0.32, 3.47, TOP
-8.64, -0.06, 4.01, TOP
-8.78, -0.53, 4.46, TOP
-7.99, -1.50, 4.43, TOP
-7.86, -1.64, 4.52, TOP
-8.02, -1.83, 4.67, TOP
-8.17, -1.88, 4.87, TOP
-7.82, -1.71, 4.92, TOP
-7.65, -1.78, 4.67, TOP
-8.07, -1.79, 4.47, TOP
-8.29, -1.70, 4.61, TOP
-8.20, -1.26, 4.90, TOP
-8.02, -1.33, 4.84, TOP
-8.47, -0.88, 4.87, TOP
-7.45, 0.56, 5.76, TOP
-7.17, 0.81, 6.07, TOP
-7.25, 1.67, 6.00, TOP
-6.88, 1.99, 5.92, TOP
-7.05, 2.21, 5.90, TOP
-7.02, 2.41, 5.84, TOP
-7.01, 2.55, 5.86, TOP
-6.98, 2.51, 5.70, TOP
-7.05, 2.58, 5.78, TOP
-6.96, 2.50, 5.72, TOP
-7.02, 2.63, 5.79, TOP
-7.14, 2.68, 5.84, TOP
-6.96, 2.55, 5.72, TOP
-7.11, 2.58, 5.77, TOP
-6.96, 2.55, 5.76, TOP
-7.14, 2.32, 5.85, TOP
-7.08, 2.20, 5.91, TOP
-7.23, 2.11, 5.77, TOP
-7.00, 1.97, 5.79, TOP
-7.36, 1.65, 5.80, TOP
-7.80, 0.96, 4.92, TOP
-8.44, 0.45, 4.90, TOP
-8.35, -0.13, 4.59, TOP
-8.22, -0.31, 4.47, TOP
-7.84, -0.46, 4.55, TOP
-8.29, -0.56, 4.66, TOP
-8.02, -0.64, 4.68, TOP
-7.96, -0.79, 4.58, TOP
-8.11, -0.81, 4.77, TOP
-8.15, -1.05, 4.79, TOP
-7.77, -1.05, 4.82, TOP
-8.10, -1.01, 4.50, TOP
-8.59, -0.71, 3.96, TOP
-8.77, -0.41, 3.94, TOP
-8.52, -0.49, 3.69, TOP
-8.33, -0.35, 3.70, TOP
-8.54, -0.41, 3.64, TOP
-8.48, -0.16, 4.02, TOP
-8.63, -0.25, 3.93, TOP
-8.57, -0.16, 3.94, TOP
-8.56, -0.07, 3.71, TOP
-8.54, 0.21, 3.36, TOP
-9.17, -0.96, 1.47, TOP
-9.19, -1.25, 0.51, TOP
-9.03, -1.43, 0.02, TOP
-9.43, -1.29, -1.58, TOP
-9.06, -1.22, -2.47, TOP
-8.99, -1.33, -2.68, TOP
-8.98, -1.14, -2.47, TOP
-8.95, -1.16, -2.40, TOP
-8.93, -1.38, -2.46, TOP
-9.06, -1.56, -1.64, TOP
-9.10, -1.20, 1.31, TOP
-9.12, -1.93, 3.05, TOP
-6.02, -0.64, 6.83, TOP
-5.77, -0.60, 7.36, TOP
-6.34, -0.41, 7.02, TOP
-6.51, -0.46, 7.01, TOP
-6.95, -0.79, 5.90, TOP
-7.50, -0.81, 5.57, TOP
-7.86, -0.71, 4.99, TOP
-7.92, -0.23, 4.60, TOP
-8.20, 0.52, 4.51, TOP
-8.20, 0.73, 4.39, TOP
-8.12, 1.48, 4.53, TOP
-8.06, 1.73, 4.44, TOP
-8.00, 2.05, 4.40, TOP
-8.06, 2.23, 4.21, TOP
-8.43, 2.15, 3.85, TOP
-8.38, 1.77, 3.61, TOP
-8.43, 1.77, 3.66, TOP
-8.45, 1.78, 3.67, TOP
-8.38, 1.84, 3.70, TOP
-8.49, 1.71, 3.71, TOP
-8.50, 1.58, 3.56, TOP
-8.47, 1.55, 3.68, TOP
-8.39, 1.53, 3.84, TOP
-8.37, 1.46, 3.98, TOP
-8.36, 1.41, 3.93, TOP
-8.25, 1.51, 4.14, TOP
-8.26, 1.53, 4.15, TOP
-8.27, 1.53, 4.13, TOP
-8.20, 1.52, 4.13, TOP
-8.17, 1.53, 4.20, TOP
-0.42, -8.25, 5.39, LEFT
-0.38, -8.25, 5.38, LEFT
-0.28, -8.27, 5.33, LEFT
-0.14, -8.26, 5.51, LEFT
-0.27, -8.30, 5.38, LEFT
0.05, -8.19, 5.59, LEFT
-0.01, -7.74, 6.11, LEFT
-1.58, -8.49, 5.48, LEFT
-0.42, -8.35, 5.54, LEFT
0.25, -7.52, 3.87, LEFT
1.39, -8.60, 4.05, LEFT
1.33, -9.29, 3.17, LEFT
1.53, -9.30, 2.50, LEFT
1.62, -9.92, 0.72, LEFT
1.18, -10.19, -0.23, LEFT
0.99, -9.88, 0.40, LEFT
1.58, -9.68, 1.85, LEFT
1.42, -9.53, 3.28, LEFT
0.76, -8.12, 5.04, LEFT
1.68, -8.45, 5.15, LEFT
1.96, -7.93, 5.65, LEFT
2.04, -8.18, 5.69, LEFT
1.44, -7.86, 5.77, LEFT
0.53, -8.10, 5.64, LEFT
0.33, -8.28, 5.37, LEFT
0.24, -8.46, 5.08, LEFT
0.00, -8.69, 4.82, LEFT
0.26, -8.79, 4.58, LEFT
0.81, -8.82, 4.35, LEFT
0.76, -8.73, 4.29, LEFT
0.79, -9.01, 4.19, LEFT
0.92, -9.04, 4.24, LEFT
0.59, -8.79, 4.48, LEFT
1.30, -9.08, 4.01, LEFT
1.20, -8.90, 4.18, LEFT
1.52, -8.85, 4.13, LEFT

2.34, -9.18, 3.22, LEFT
2.40, -8.70, 3.16, LEFT
2.06, -9.13, 3.46, LEFT
2.32, -9.18, 3.16, LEFT
1.43, -8.83, 3.63, LEFT
1.61, -9.21, 3.58, LEFT
1.57, -9.03, 3.60, LEFT
1.81, -9.07, 3.35, LEFT
1.87, -9.30, 3.36, LEFT
1.73, -9.43, 3.20, LEFT
1.52, -9.39, 3.36, LEFT
1.29, -9.05, 3.49, LEFT
1.46, -9.00, 3.41, LEFT
1.18, -9.01, 3.62, LEFT
1.10, -9.13, 3.75, LEFT
1.07, -9.16, 3.61, LEFT
0.94, -9.30, 3.37, LEFT
1.02, -9.36, 3.17, LEFT
0.74, -9.55, 2.94, LEFT
0.53, -9.54, 2.83, LEFT
0.40, -9.49, 2.83, LEFT
0.45, -9.47, 2.77, LEFT
0.45, -9.49, 2.76, LEFT
0.49, -9.67, 2.70, LEFT
0.65, -9.48, 2.64, LEFT
0.70, -9.47, 2.57, LEFT
0.77, -9.63, 2.47, LEFT
0.80, -9.45, 2.36, LEFT
0.66, -9.56, 2.22, LEFT
0.24, -9.69, 2.04, LEFT
-0.04, -9.82, 1.88, LEFT
0.10, -9.42, 1.86, LEFT
-0.11, -9.86, 1.71, LEFT
-0.23, -9.94, 1.79, LEFT
-0.17, -9.72, 1.75, LEFT
-0.26, -9.87, 1.73, LEFT
-0.24, -9.78, 1.75, LEFT
-0.12, -9.72, 1.84, LEFT
-0.00, -9.72, 1.74, LEFT
-0.10, -9.55, 1.79, LEFT
-0.06, -9.80, 1.48, LEFT
-0.21, -9.90, 1.83, LEFT
-0.06, -9.70, 1.85, LEFT
0.08, -9.62, 1.73, LEFT
-0.23, -9.82, 1.78, LEFT
-0.15, -9.73, 1.62, LEFT
0.08, -9.69, 1.60, LEFT
0.28, -9.95, 1.81, LEFT
0.43, -9.46, 2.04, LEFT
0.74, -9.57, 2.34, LEFT
0.96, -9.56, 2.45, LEFT
0.91, -9.61, 2.74, LEFT
0.89, -9.60, 2.68, LEFT
1.02, -9.48, 2.51, LEFT
1.89, -9.65, 1.74, LEFT
1.88, -9.54, 1.70, LEFT
1.86, -9.65, 1.51, LEFT
1.92, -9.70, 1.29, LEFT
1.72, -9.96, 1.29, LEFT
1.32, -9.91, 0.94, LEFT
1.09, -9.74, 0.63, LEFT
1.31, -9.79, 0.54, LEFT
1.50, -9.85, 0.57, LEFT
1.71, -9.94, 0.49, LEFT
1.81, -9.97, 0.47, LEFT
1.24, -9.75, 0.81, LEFT
1.46, -9.73, 0.68, LEFT
1.55, -9.64, 0.55, LEFT
1.21, -9.92, 0.55, LEFT
1.30, -10.07, 0.58, LEFT
1.18, -9.91, 0.71, LEFT
0.99, -9.65, 0.90, LEFT
0.97, -9.70, 0.94, LEFT
1.31, -9.79, 0.91, LEFT
1.51, -9.93, 0.94, LEFT
1.24, -9.96, 1.16, LEFT
0.93, -9.64, 1.65, LEFT
1.20, -9.78, 1.76, LEFT
2.88, -8.72, 2.87, LEFT
2.71, -9.01, 3.53, LEFT
3.74, -9.39, 2.74, LEFT
3.48, -9.12, 2.87, LEFT
2.84, -8.77, 2.89, LEFT
2.37, -8.90, 3.12, LEFT
2.42, -9.34, 2.98, LEFT
2.46, -9.46, 2.69, LEFT
2.05, -9.49, 2.61, LEFT
1.96, -9.39, 2.65, LEFT
1.47, -9.36, 2.91, LEFT
0.83, -9.53, 2.78, LEFT
1.23, -9.51, 2.34, LEFT
1.66, -9.53, 2.09, LEFT
2.42, -9.31, 2.23, LEFT
3.04, -9.16, 2.89, LEFT
3.74, -8.42, 3.29, LEFT
3.74, -8.50, 3.73, LEFT
3.53, -8.77, 3.35, LEFT
2.86, -8.84, 3.57, LEFT
2.43, -9.20, 3.28, LEFT
2.15, -9.33, 3.08, LEFT
1.69, -8.43, 3.10, LEFT
1.26, -9.32, 3.16, LEFT
1.11, -9.40, 2.85, LEFT
1.00, -9.36, 2.77, LEFT
0.73, -9.51, 2.63, LEFT
0.74, -9.55, 2.46, LEFT
0.82, -9.54, 2.35, LEFT
1.97, -9.03, 2.84, LEFT
2.16, -9.38, 3.26, LEFT
1.69, -9.26, 3.09, LEFT
1.40, -9.24, 3.20, LEFT
1.38, -9.36, 3.18, LEFT
1.52, -9.37, 3.00, LEFT
1.36, -9.24, 3.15, LEFT
1.93, -9.20, 4.05, LEFT
2.31, -9.06, 3.72, LEFT
2.87, -9.32, 3.48, LEFT
2.82, -8.74, 3.77, LEFT
3.39, -8.35, 3.86, LEFT
3.33, -8.67, 3.64, LEFT
3.33, -8.67, 3.64, LEFT
2.64, -9.03, 3.69, LEFT
2.05, -9.06, 3.40, LEFT
1.93, -9.22, 3.12, LEFT
1.76, -9.42, 2.91, LEFT
1.86, -9.59, 2.75, LEFT
1.55, -9.45, 2.89, LEFT
0.72, -9.45, 2.90, LEFT
1.38, -9.47, 2.58, LEFT
1.35, -9.47, 2.64, LEFT
0.93, -9.61, 2.56, LEFT
1.09, -9.55, 2.43, LEFT
1.54, -9.27, 3.06, LEFT
1.88, -8.79, 4.46, LEFT
2.16, -8.67, 4.29, LEFT
1.12, -9.03, 3.86, LEFT
1.02, -9.52, 2.73, LEFT
0.43, -9.89, 1.84, LEFT
0.33, -9.67, 1.65, LEFT
0.35, -9.89, 1.41, LEFT
0.17, -9.82, 1.32, LEFT
0.08, -9.83, 1.09, LEFT
-0.10, -9.79, 1.09, LEFT
-0.06, -9.86, 1.14, LEFT
0.11, -9.90, 1.29, LEFT
0.38, -9.74, 1.62, LEFT
0.71, -9.69, 1.81, LEFT
0.45, -9.63, 2.03, LEFT
0.47, -9.61, 2.07, LEFT
0.74, -9.78, 2.00, LEFT
1.09, -9.69, 2.13, LEFT
1.41, -9.67, 2.13, LEFT
1.84, -9.47, 2.15, LEFT
2.47, -9.12, 2.59, LEFT
3.05, -8.85, 3.39, LEFT
2.93, -8.88, 3.54, LEFT
2.50, -8.96, 2.97, LEFT
1.72, -9.53, 2.43, LEFT
1.07, -9.50, 2.13, LEFT
0.73, -9.76, 1.64, LEFT
0.57, -9.76, 1.29, LEFT
0.61, -9.89, 0.97, LEFT
0.33, -9.75, 1.01, LEFT
0.26, -9.89, 0.73, LEFT
0.31, -9.92, 0.47, LEFT
0.27, -9.94, 0.46, LEFT
0.27, -9.83, 0.55, LEFT
0.54, -9.78, 0.87, LEFT
0.89, -9.81, 1.47, LEFT
0.95, -9.82, 1.57, LEFT
0.99, -9.70, 1.67, LEFT
1.41, -10.10, 1.76, LEFT
1.33, -9.71, 1.99, LEFT
1.47, -9.62, 2.03, LEFT
1.42, -9.53, 2.08, LEFT
1.45, -9.55, 2.03, LEFT
1.45, -9.75, 1.97, LEFT
1.19, -9.60, 2.15, LEFT
0.91, -9.57, 2.24, LEFT
0.69, -9.55, 2.16, LEFT
0.79, -9.76, 1.99, LEFT
0.78, -9.69, 2.35, LEFT
1.04, -9.66, 2.26, LEFT
1.06, -9.49, 2.24, LEFT
0.95, -9.65, 2.13, LEFT
1.03, -9.68, 2.12, LEFT
0.76, -9.68, 1.64, LEFT
0.59, -9.65, -0.41, LEFT
0.65, -9.80, -1.33, LEFT
0.42, -9.81, -2.17, LEFT
0.20, -9.78, -2.44, LEFT
0.23, -9.68, -2.26, LEFT
0.16, -9.72, -2.26, LEFT
0.13, -9.62, -2.08, LEFT
0.35, -9.76, -1.97, LEFT
0.46, -9.81, -1.81, LEFT
0.60, -9.94, -1.57, LEFT
0.48, -9.87, -1.29, LEFT
0.51, -9.67, -1.26, LEFT
0.55, -9.84, -1.53, LEFT
0.48, -9.85, -1.62, LEFT
0.34, -9.85, -1.60, LEFT
0.37, -9.73, -1.54, LEFT
0.37, -9.68, -1.53, LEFT
0.45, -9.80, -1.69, LEFT
0.25, -9.85, -1.75, LEFT
0.08, -9.88, -1.65, LEFT
0.05, -9.82, -1.58, LEFT
0.07, -9.74, -1.55, LEFT
0.04, -9.73, -1.50, LEFT
0.12, -9.89, -1.71, LEFT
0.00, -9.83, -1.55, LEFT
0.01, -9.71, -1.44, LEFT
0.11, -9.76, -1.61, LEFT
0.29, -9.85, -1.51, LEFT
0.45, -9.77, -1.28, LEFT
0.92, -9.65, -0.96, LEFT
1.01, -9.87, -0.70, LEFT
1.34, -10.03, -0.68, LEFT
1.80, -9.81, -0.73, LEFT
1.31, -9.68, -0.96, LEFT
1.19, -9.79, -1.48, LEFT
1.80, -9.81, -0.73, LEFT
1.31, -9.68, -0.96, LEFT
1.19, -9.79, -1.48, LEFT
1.14, -9.81, -1.60, LEFT
1.14, -9.87, -1.68, LEFT
1.31, -9.87, -1.59, LEFT
1.73, -9.67, -1.36, LEFT
1.92, -9.75, -0.73, LEFT
2.48, -9.79, -0.45, LEFT
2.97, -9.62, -0.06, LEFT
2.14, -9.59, 1.16, LEFT
3.56, -8.88, 2.49, LEFT
4.91, -8.27, 3.21, LEFT
5.67, -8.04, 1.98, LEFT
5.88, -8.28, 1.42, LEFT
5.68, -8.22, 1.46, LEFT
5.67, -8.47, 1.31, LEFT
5.69, -8.33, 1.12, LEFT
5.62, -8.40, 1.15, LEFT
5.39, -8.29, 1.20, LEFT
5.57, -8.36, 0.88, LEFT
5.47, -8.55, 0.47, LEFT
5.30, -8.62, -0.73, LEFT
5.29, -8.46, -0.90, LEFT
5.13, -8.69, -1.23, LEFT
3.45, -9.43, 0.76, LEFT
4.45, -9.80, -0.43, LEFT
4.40, -9.33, -0.18, LEFT
4.10, -9.33, 0.04, LEFT
1.04, -9.99, -0.33, LEFT
1.46, -10.01, -0.72, LEFT
1.57, -9.83, -0.70, LEFT
0.59, -10.08, -0.41, LEFT
-0.12, -9.89, -0.22, LEFT
0.35, -9.87, -0.55, LEFT
0.44, -10.01, -0.55, LEFT
0.24, -9.87, -0.52, LEFT
0.74, -10.37, -0.22, LEFT
0.85, -9.79, 1.07, LEFT
0.41, -9.91, 1.44, LEFT
1.34, -9.37, 3.08, LEFT
3.16, -8.56, 4.09, LEFT
2.58, -8.60, 4.67, LEFT
2.42, -8.41, 5.04, LEFT
2.32, -8.15, 5.30, LEFT
2.02, -7.98, 5.54, LEFT
2.33, -7.92, 5.60, LEFT
2.54, -7.40, 5.71, LEFT
2.77, -7.51, 5.79, LEFT
2.74, -7.44, 5.94, LEFT
2.94, -7.47, 5.90, LEFT
2.70, -7.53, 6.06, LEFT
2.95, -7.60, 5.93, LEFT
2.80, -7.29, 6.02, LEFT
2.95, -7.45, 5.89, LEFT
3.02, -7.57, 5.84, LEFT
2.88, -7.36, 5.90, LEFT
2.88, -7.44, 5.88, LEFT
2.83, -7.74, 5.82, LEFT
1.41, -8.27, 5.21, LEFT
0.17, -8.51, 4.98, LEFT
0.17, -8.54, 4.93, LEFT
0.02, -8.61, 4.82, LEFT
0.00, -8.61, 4.78, LEFT
0.03, -8.71, 4.71, LEFT
-0.02, -8.58, 4.72, LEFT
-0.14, -8.60, 4.76, LEFT
-0.10, -8.79, 4.59, LEFT
-0.06, -8.71, 4.50, LEFT
-0.01, -8.83, 4.45, LEFT
0.14, -8.87, 4.32, LEFT
0.44, -8.88, 4.27, LEFT
1.01, -9.06, 4.12, LEFT
0.79, -8.64, 4.51, LEFT
1.05, -8.94, 4.17, LEFT
1.35, -8.63, 4.32, LEFT
2.42, -8.68, 4.16, LEFT
2.49, -8.69, 4.09, LEFT
2.57, -8.92, 3.87, LEFT
2.57, -8.92, 3.77, LEFT
2.46, -8.85, 3.83, LEFT
1.81, -9.24, 3.86, LEFT
1.24, -9.37, 3.68, LEFT
2.30, -8.60, 3.67, LEFT
1.56, -9.54, 2.83, LEFT
1.82, -9.40, 2.42, LEFT
1.79, -9.58, 1.97, LEFT
1.69, -9.67, 1.75, LEFT
1.65, -9.64, 1.86, LEFT
1.62, -9.63, 1.91, LEFT
1.75, -9.78, 1.78, LEFT
1.13, -9.71, 2.05, LEFT
0.74, -8.99, 2.56, LEFT
1.00, -9.58, 1.98, LEFT
1.22, -9.65, 1.96, LEFT
1.47, -9.74, 1.80, LEFT
7.78, 0.42, 6.36, DOWN
9.03, 0.40, 5.71, DOWN
8.62, 0.03, 5.76, DOWN
8.18, 0.05, 6.17, DOWN
9.28, 0.51, 4.85, DOWN
10.79, 1.30, 0.09, DOWN
9.70, 1.02, 2.43, DOWN
9.46, -0.81, 1.54, DOWN
10.45, -0.73, 0.01, DOWN
10.00, 0.10, -2.65, DOWN
9.87, 0.33, -3.06, DOWN
9.80, 0.59, -3.12, DOWN
9.79, 0.55, -2.89, DOWN
9.81, 0.71, -3.06, DOWN
9.78, 0.58, -2.88, DOWN
9.80, 0.51, -2.66, DOWN
9.71, 0.49, -2.61, DOWN
9.84, 0.88, -2.79, DOWN
9.90, 1.12, -2.63, DOWN
9.82, 1.08, -2.75, DOWN
9.95, 0.04, -1.91, DOWN
9.27, 0.75, 0.53, DOWN
9.95, 0.46, -1.65, DOWN
10.20, 0.16, -0.82, DOWN
9.94, 0.02, -0.54, DOWN
9.44, -0.31, -0.85, DOWN
9.92, -1.13, -1.75, DOWN
9.25, 0.37, -1.45, DOWN
9.81, -0.57, -2.08, DOWN
9.76, -1.02, -2.67, DOWN
9.60, -1.11, -3.02, DOWN
10.16, -1.52, -3.06, DOWN
10.13, -0.18, -1.04, DOWN
9.64, -0.42, -2.34, DOWN
9.73, 0.04, -3.67, DOWN
9.48, 0.36, -3.87, DOWN
8.93, -0.59, -5.48, DOWN
8.29, -0.54, -5.88, DOWN
8.73, -0.52, -5.83, DOWN
9.53, -0.01, -4.05, DOWN
10.29, -0.98, -0.82, DOWN
10.52, -1.20, 1.41, DOWN
9.39, -1.61, 3.12, DOWN
9.45, -1.82, 3.59, DOWN
10.03, -1.38, 1.95, DOWN
10.13, -1.47, 0.69, DOWN
10.04, -1.37, 1.54, DOWN
9.45, -1.63, 3.28, DOWN
9.32, -1.87, 3.65, DOWN
9.33, -1.89, 3.83, DOWN
9.43, -1.65, 3.62, DOWN
9.63, -1.52, 3.18, DOWN
9.54, -1.55, 3.24, DOWN
9.45, -1.55, 3.34, DOWN
9.51, -1.50, 3.28, DOWN
10.06, -1.20, 2.65, DOWN
9.97, -0.89, 2.12, DOWN
9.98, -0.91, 2.33, DOWN
9.85, -0.87, 2.38, DOWN
9.91, -0.82, 2.38, DOWN
9.93, -0.82, 2.38, DOWN
9.92, -0.81, 2.31, DOWN
9.95, -0.75, 2.34, DOWN
9.97, -0.69, 2.39, DOWN
9.94, -0.70, 2.37, DOWN
9.91, -0.68, 2.37, DOWN
9.93, -0.67, 2.37, DOWN
9.90, -0.71, 2.40, DOWN
9.92, -0.71, 2.36, DOWN
9.96, -0.61, 2.27, DOWN
9.96, -0.62, 2.27, DOWN
9.91, -0.66, 2.33, DOWN
9.91, -0.63, 2.33, DOWN
9.91, -0.66, 2.38, DOWN
9.95, -0.64, 2.31, DOWN
9.81, -0.82, 2.47, DOWN
9.70, -1.23, 2.47, DOWN
9.95, -1.10, 2.49, DOWN
9.91, -0.38, 2.52, DOWN
9.89, -1.25, 2.52, DOWN
9.96, -1.14, 2.33, DOWN
9.80, -1.06, 2.68, DOWN
9.66, -0.99, 3.08, DOWN
9.90, -0.90, 2.54, DOWN
10.16, -1.13, 1.60, DOWN
10.79, -1.69, 0.88, DOWN
9.55, -1.28, -1.15, DOWN
9.75, -1.17, -1.82, DOWN
10.40, -1.02, -2.88, DOWN
10.03, -0.29, -2.72, DOWN
9.97, -0.11, -1.98, DOWN
10.63, -0.45, -2.70, DOWN
8.96, 0.06, -2.08, DOWN
8.76, -0.78, -0.86, DOWN
10.94, -2.32, -3.07, DOWN
11.97, -2.43, -2.59, DOWN
9.59, -2.26, -1.41, DOWN
9.72, -1.88, -2.38, DOWN
9.86, -1.17, -2.61, DOWN
9.62, -0.83, -3.53, DOWN
9.79, -0.70, -3.18, DOWN
9.99, -0.23, -2.51, DOWN
8.67, 0.99, 0.36, DOWN
10.26, 0.74, -1.44, DOWN
9.68, -0.48, -2.43, DOWN
10.06, -0.96, -1.53, DOWN
10.14, -0.23, -0.85, DOWN
10.14, -0.27, -1.19, DOWN
10.13, -0.28, -1.45, DOWN
9.01, -0.31, -0.75, DOWN
10.15, -0.91, -1.21, DOWN
9.82, -0.42, -1.89, DOWN
9.42, -0.39, -4.39, DOWN
9.18, -0.42, -4.51, DOWN
8.88, -0.46, -4.78, DOWN
9.12, -0.44, -4.73, DOWN
9.10, -0.32, -4.80, DOWN
9.14, -0.44, -4.24, DOWN
9.21, -0.30, -4.66, DOWN
9.26, -0.34, -4.14, DOWN
9.17, -0.49, -3.75, DOWN
9.43, -0.37, -3.64, DOWN
9.50, -0.27, -3.85, DOWN
9.43, -0.27, -3.86, DOWN
9.49, -0.17, -3.92, DOWN
9.46, -0.18, -3.90, DOWN
9.42, -0.04, -4.00, DOWN
9.39, -0.05, -3.98, DOWN
9.36, -0.02, -4.16, DOWN
9.38, -0.00, -4.22, DOWN
9.50, 0.09, -4.01, DOWN
9.37, -0.20, -3.95, DOWN
9.39, -0.05, -4.22, DOWN
9.30, -0.17, -4.23, DOWN
9.44, -0.12, -4.30, DOWN
9.32, -0.23, -4.21, DOWN
9.25, -0.26, -4.36, DOWN
9.30, -0.10, -4.17, DOWN
9.23, -0.14, -4.39, DOWN
9.22, -0.04, -4.36, DOWN
9.26, 0.02, -4.60, DOWN
9.22, -0.01, -4.53, DOWN
9.24, -0.03, -4.65, DOWN
9.22, 0.26, -4.97, DOWN
9.11, -0.02, -4.81, DOWN
9.06, 0.00, -4.80, DOWN
8.96, 0.01, -5.02, DOWN
9.34, -0.32, -3.93, DOWN
9.56, -0.44, -3.65, DOWN
9.72, -0.37, -3.48, DOWN
9.67, -0.41, -3.38, DOWN
9.69, -0.34, -3.48, DOWN
9.69, -0.31, -3.49, DOWN
9.69, -0.36, -3.18, DOWN
9.74, -0.31, -3.37, DOWN
9.67, -0.46, -3.16, DOWN
9.88, -0.33, -2.88, DOWN
10.05, -0.84, -0.96, DOWN
10.23, -1.03, -0.32, DOWN
10.11, -1.07, -0.28, DOWN
10.16, -1.10, -0.49, DOWN
10.13, -1.05, -0.60, DOWN
10.13, -1.07, -0.54, DOWN
10.14, -1.09, -0.63, DOWN
10.23, -1.04, -0.80, DOWN
10.23, -1.06, -0.79, DOWN
10.09, -1.11, -0.58, DOWN
10.18, -1.06, -0.82, DOWN
9.85, -1.10, -1.50, DOWN
9.76, -1.14, -3.11, DOWN
9.59, -1.10, -3.28, DOWN
9.62, -0.87, -3.56, DOWN
9.60, -0.82, -3.41, DOWN
9.60, -0.94, -3.58, DOWN
9.62, -0.85, -3.68, DOWN
9.61, -0.74, -3.48, DOWN
9.60, -0.89, -3.58, DOWN
9.59, -0.92, -3.65, DOWN
9.60, -0.82, -3.54, DOWN
9.59, -0.87, -3.56, DOWN
9.62, -0.91, -3.56, DOWN
9.61, -0.92, -3.48, DOWN
9.57, -0.90, -3.48, DOWN
9.58, -0.91, -3.46, DOWN
9.61, -0.87, -3.54, DOWN
9.64, -0.86, -3.56, DOWN
9.60, -0.87, -3.60, DOWN
9.68, -1.17, -3.31, DOWN
9.62, -2.55, -2.92, DOWN
9.55, -3.13, -2.31, DOWN
9.49, -3.40, -2.02, DOWN
9.44, -3.73, -1.82, DOWN
9.34, -3.70, -1.26, DOWN
9.56, -3.44, -1.08, DOWN
9.47, -3.31, -1.05, DOWN
9.98, -1.32, -1.62, DOWN
10.17, -0.91, -1.66, DOWN
10.09, -1.03, -1.59, DOWN
10.07, -1.12, -1.82, DOWN
10.01, -1.22, -1.80, DOWN
10.01, -1.25, -1.88, DOWN
10.00, -1.27, -1.97, DOWN
9.94, -1.43, -1.87, DOWN
9.96, -1.45, -1.94, DOWN
9.92, -1.57, -1.96, DOWN
9.97, -1.46, -2.04, DOWN
9.90, -1.56, -2.06, DOWN
9.90, -1.65, -2.17, DOWN
9.80, -1.63, -2.52, DOWN
9.84, -1.51, -2.72, DOWN
9.71, -1.41, -2.69, DOWN
9.83, -1.09, -3.12, DOWN
9.80, -1.00, -3.17, DOWN
9.71, -1.06, -3.03, DOWN
9.69, -1.00, -3.17, DOWN
9.71, -1.17, -3.00, DOWN
9.84, -1.05, -3.03, DOWN
9.84, -0.21, -3.11, DOWN
9.79, -0.03, -3.32, DOWN
9.36, 0.14, -3.75, DOWN
9.33, 0.18, -3.73, DOWN
8.97, 0.29, -4.81, DOWN
8.79, 0.27, -5.28, DOWN
8.79, 0.17, -5.11, DOWN
8.68, 0.34, -5.55, DOWN
8.62, 0.32, -5.51, DOWN
8.49, 0.30, -5.51, DOWN
8.81, 0.22, -5.59, DOWN
8.82, 0.00, -4.98, DOWN
8.94, 0.22, -5.18, DOWN
8.96, 0.05, -5.04, DOWN
9.11, 0.02, -4.89, DOWN
9.53, -0.29, -4.28, DOWN
9.48, -0.73, -3.93, DOWN
9.70, -1.12, -3.70, DOWN
9.28, -1.47, -4.07, DOWN
9.67, -0.96, -3.50, DOWN
9.81, -0.22, -3.36, DOWN
9.75, 0.12, -2.99, DOWN
9.83, 0.32, -2.79, DOWN
9.83, 0.28, -3.10, DOWN
9.76, 0.24, -3.00, DOWN
9.75, 0.24, -2.99, DOWN
9.82, 0.38, -3.05, DOWN
9.72, 0.32, -2.94, DOWN
9.72, 0.30, -3.11, DOWN
9.76, 0.25, -3.31, DOWN
9.62, 0.21, -3.44, DOWN
9.53, 0.34, -3.83, DOWN
9.46, 0.35, -3.88, DOWN
9.46, 0.36, -3.93, DOWN
9.38, 0.21, -3.59, DOWN
9.57, 0.43, -3.64, DOWN
9.61, 0.41, -3.71, DOWN
9.53, 0.41, -3.57, DOWN
9.67, 0.62, -4.07, DOWN
9.55, 0.48, -3.89, DOWN
9.44, 0.40, -3.70, DOWN
9.51, 0.46, -3.97, DOWN
9.54, 0.63, -3.74, DOWN
9.62, 0.90, -3.47, DOWN
9.61, 0.86, -3.41, DOWN
9.67, 0.80, -3.36, DOWN
9.61, 0.83, -3.32, DOWN
9.65, 0.82, -3.52, DOWN
9.60, 0.80, -3.43, DOWN
9.62, 0.81, -3.30, DOWN
9.68, 0.85, -3.51, DOWN
9.60, 0.89, -3.58, DOWN
9.53, 0.96, -3.56, DOWN
9.50, 0.93, -3.65, DOWN
9.51, 1.01, -3.62, DOWN
9.53, 0.97, -3.64, DOWN
9.54, 0.95, -3.59, DOWN
9.56, 0.99, -3.56, DOWN
9.54, 0.92, -3.53, DOWN
9.54, 0.94, -3.55, DOWN
9.58, 1.00, -3.51, DOWN
9.70, 1.09, -3.51, DOWN
9.52, 0.43, -3.25, DOWN
9.81, -0.97, -1.84, DOWN
10.08, -0.41, -1.28, DOWN
10.06, 0.70, -1.42, DOWN
10.01, 0.14, -2.16, DOWN
10.05, -0.55, -1.73, DOWN
10.16, -0.50, -1.72, DOWN
10.06, -0.98, -1.43, DOWN
10.14, -1.01, -1.54, DOWN
10.05, -1.09, -1.28, DOWN
10.12, -1.02, -1.58, DOWN
10.12, -1.04, -1.55, DOWN
10.08, -1.00, -1.54, DOWN
10.10, -0.93, -1.64, DOWN
10.05, -1.07, -1.63, DOWN
10.06, -0.99, -1.67, DOWN
10.10, -0.92, -1.80, DOWN
10.04, -0.95, -1.84, DOWN
10.05, -0.95, -1.87, DOWN
10.08, -0.92, -1.97, DOWN
10.08, -0.96, -1.81, DOWN
10.03, -0.96, -1.89, DOWN
10.06, -0.93, -1.96, DOWN
9.93, -0.94, -1.94, DOWN
10.10, -0.82, -2.04, DOWN
10.06, -1.02, -2.26, DOWN
9.99, -1.37, -2.18, DOWN
9.53, -1.06, -3.01, DOWN
9.31, -0.80, -4.50, DOWN
9.02, -0.43, -5.03, DOWN
9.04, -0.46, -4.93, DOWN
9.06, -0.53, -4.70, DOWN
9.12, -0.52, -4.76, DOWN
9.08, -0.57, -4.75, DOWN
9.15, -0.57, -4.64, DOWN
9.22, -0.53, -4.60, DOWN
9.20, -0.58, -4.41, DOWN
9.23, -0.73, -4.25, DOWN
9.31, -0.68, -4.41, DOWN
9.28, -0.65, -4.31, DOWN
9.30, -0.67, -4.36, DOWN
9.36, -0.74, -4.24, DOWN
9.37, -0.80, -4.11, DOWN
9.42, -0.81, -3.97, DOWN
9.56, -0.81, -3.87, DOWN
9.68, -0.72, -3.62, DOWN
9.56, -0.52, -3.28, DOWN
9.58, -0.18, -3.30, DOWN
9.65, 1.10, -3.79, DOWN
9.22, 2.42, -4.25, DOWN
8.97, 2.35, -4.16, DOWN
9.34, 2.07, -3.91, DOWN
9.61, 1.17, -3.08, DOWN
10.03, 0.69, -2.99, DOWN
9.86, 0.14, -1.89, DOWN
10.04, 0.38, -0.90, DOWN
9.73, -0.20, -0.79, DOWN
9.86, -0.94, -2.03, DOWN
10.01, -0.53, -1.35, DOWN
10.28, -0.48, -0.08, DOWN
10.29, -0.57, 0.60, DOWN
10.11, -0.64, 0.91, DOWN
10.25, -0.61, 0.72, DOWN
10.19, -0.66, 0.80, DOWN
10.20, -0.67, 0.79, DOWN
10.23, -0.62, 0.69, DOWN
10.17, -0.66, 1.12, DOWN
10.14, -0.53, 1.14, DOWN
9.97, -0.59, 1.47, DOWN
9.82, -0.96, 2.19, DOWN
9.95, -0.98, 2.01, DOWN
9.84, -1.12, 1.79, DOWN
10.25, -1.10, 0.44, DOWN
10.17, -1.24, -0.12, DOWN
10.11, -1.26, 0.20, DOWN
10.12, -1.21, 0.08, DOWN
10.15, -1.18, 0.02, DOWN
10.18, -1.21, -0.08, DOWN
10.23, -1.05, -0.14, DOWN
10.34, -1.50, -0.96, DOWN
10.15, -1.33, -0.75, DOWN
10.21, 0.01, -0.22, DOWN
10.10, 0.39, -1.29, DOWN
10.29, 1.43, -2.30, DOWN
9.95, 1.11, -1.75, DOWN
10.10, 1.06, -1.72, DOWN
10.04, 0.73, -1.50, DOWN
10.08, 0.64, -1.33, DOWN
10.11, 0.62, -1.65, DOWN
10.06, 0.56, -1.45, DOWN
10.02, 0.28, -1.70, DOWN
10.07, 0.01, -1.64, DOWN
10.19, -0.36, -1.27, DOWN
10.72, -0.45, -0.63, DOWN
8.81, -1.93, 3.56, DOWN
9.16, -1.78, 3.82, DOWN
10.40, -1.01, 1.34, DOWN
10.17, -1.09, 0.01, DOWN
10.13, -1.15, 0.39, DOWN
10.15, 0.48, 0.44, DOWN
10.30, -0.60, -0.16, DOWN
10.26, -1.16, -0.01, DOWN
10.21, -1.11, -0.01, DOWN
10.47, 0.27, 1.49, DOWN
10.16, -1.10, -0.37, DOWN
10.04, -0.88, -1.39, DOWN
9.93, 2.01, -2.06, DOWN
10.17, 0.37, -2.43, DOWN
10.08, 0.87, -2.24, DOWN
9.98, 0.85, -2.79, DOWN
9.79, 0.82, -2.80, DOWN
9.90, 0.85, -2.81, DOWN
9.72, 0.61, -2.34, DOWN
9.84, 0.84, -3.20, DOWN
9.91, 0.65, -2.77, DOWN
9.82, 0.60, -2.57, DOWN
9.82, 0.66, -2.75, DOWN
9.91, 0.77, -2.89, DOWN
9.92, 0.84, -2.64, DOWN
9.92, 0.67, -2.36, DOWN
10.00, 0.47, -2.02, DOWN
10.09, 0.42, -2.02, DOWN
10.12, 0.50, -2.13, DOWN
9.96, 0.68, -2.36, DOWN
9.96, 0.69, -2.26, DOWN
9.92, 0.69, -2.27, DOWN
9.93, 0.84, -2.38, DOWN
9.95, 0.84, -2.30, DOWN
9.87, 0.79, -2.25, DOWN
9.97, 0.94, -2.60, DOWN
9.90, 1.03, -2.39, DOWN
9.86, 1.29, -2.09, DOWN
9.98, 1.42, -2.10, DOWN
10.03, 1.21, -1.76, DOWN
9.98, 0.98, -1.35, DOWN
10.06, 0.86, -1.55, DOWN
10.09, 0.85, -1.54, DOWN
10.05, 0.85, -1.50, DOWN
10.13, 0.90, -1.71, DOWN
10.03, 0.88, -1.61, DOWN
10.05, 0.90, -1.67, DOWN
9.89, 1.14, -1.56, DOWN
9.84, 1.92, -2.28, DOWN
9.91, 1.92, -2.35, DOWN
9.94, 1.90, -2.40, DOWN
9.92, 1.46, -2.07, DOWN
9.95, 1.40, -2.11, DOWN
9.99, 1.43, -1.89, DOWN
10.07, 1.29, -1.36, DOWN
10.09, 1.27, -0.79, DOWN
10.11, 1.31, -0.28, DOWN
10.09, 1.27, 0.13, DOWN
10.17, 1.30, 0.06, DOWN
10.13, 1.30, 0.18, DOWN
10.21, 1.31, 0.21, DOWN
9.83, 0.84, 1.08, DOWN
10.13, 0.89, 0.96, DOWN
10.07, 0.88, 1.06, DOWN
10.12, 0.83, 0.96, DOWN
10.18, 0.81, 0.93, DOWN
10.12, 0.74, 1.00, DOWN
10.16, 0.75, 0.94, DOWN
10.13, 0.71, 1.04, DOWN
10.11, 0.71, 1.05, DOWN
10.18, 0.74, 0.95, DOWN
10.15, 0.65, 1.06, DOWN
10.21, 0.24, 1.05, DOWN
10.41, -0.60, 0.92, DOWN
9.98, -0.57, 1.68, DOWN
9.68, -1.06, 2.81, DOWN
9.61, -1.37, 3.08, DOWN
9.53, -1.14, 2.82, DOWN
10.13, -0.74, 1.71, DOWN
10.01, -1.21, 0.85, DOWN
10.22, -0.96, 0.51, DOWN
10.13, -0.24, 0.03, DOWN
10.41, 0.34, -1.28, DOWN
10.11, -0.70, -0.17, DOWN
10.31, -0.90, 0.11, DOWN
9.72, -1.03, 2.12, DOWN
9.79, -1.42, 2.81, DOWN
9.05, -1.37, 4.17, DOWN
8.95, -1.49, 4.54, DOWN
9.00, -1.33, 4.71, DOWN
9.00, -1.41, 4.54, DOWN
9.12, -1.34, 4.38, DOWN
9.12, -1.34, 4.33, DOWN
9.40, -1.14, 3.87, DOWN
9.55, -1.19, 2.38, DOWN
10.26, -0.99, 0.48, DOWN
9.79, 0.14, -2.96, DOWN
8.99, -0.17, -4.82, DOWN
8.18, -0.20, -6.82, DOWN
7.48, 0.11, -7.07, DOWN
7.87, -0.02, -6.51, DOWN
8.30, -0.17, -5.79, DOWN
9.18, -0.37, -4.93, DOWN
9.26, -0.45, -4.54, DOWN
9.10, -0.40, -4.56, DOWN
9.23, -0.31, -4.48, DOWN
9.38, -0.48, -4.16, DOWN
9.44, -0.59, -3.79, DOWN
9.56, -0.63, -3.78, DOWN
9.66, -0.82, -3.23, DOWN
9.68, -0.78, -3.20, DOWN
9.72, -0.66, -3.43, DOWN
9.69, -0.71, -3.05, DOWN
9.81, -0.61, -2.81, DOWN
10.39, 0.13, -1.90, DOWN
10.09, -0.60, 0.28, DOWN
10.21, 0.17, -0.60, DOWN
10.25, 0.58, -1.45, DOWN
10.19, 0.50, -1.31, DOWN
10.07, 0.48, -1.19, DOWN
10.14, 0.79, -1.93, DOWN
10.13, 0.68, -1.75, DOWN
10.11, 0.25, -1.30, DOWN
10.20, -0.83, -1.08, DOWN
10.13, -1.12, -0.99, DOWN
10.19, -1.06, -0.92, DOWN
10.20, -0.85, -0.99, DOWN
10.22, -0.55, -1.44, DOWN
10.13, -0.48, -1.47, DOWN
10.11, -0.45, -1.42, DOWN
10.18, -0.37, -1.61, DOWN
10.11, -0.40, -1.48, DOWN
10.05, -0.52, -1.33, DOWN
10.21, -0.33, -1.66, DOWN
10.03, -0.15, -1.82, DOWN
10.05, -0.10, -1.94, DOWN
10.07, -0.08, -1.91, DOWN
10.03, -0.08, -1.85, DOWN
10.10, -0.12, -1.67, DOWN
10.13, -0.06, -1.77, DOWN
